Transaction ID, Amount, Sender, Sender Organization, Receiver, Receiver Organization, Type, Mode
38,500,financeA,FromWorldEnterprise,123456789,ToPoorPeople,Debit,Virtual
40,1000,financeA,FromWorldEnterprise,987654321,ToPoorPeople,Debit,Virtual
42,500,financeA,FromWorldEnterprise,123456789,ToPoorPeople,Debit,Virtual
44,1000,financeA,FromWorldEnterprise,987654321,ToPoorPeople,Debit,Virtual
46,500,financeA,FromWorldEnterprise,123456789,ToPoorPeople,Debit,Virtual
48,1000,financeA,FromWorldEnterprise,987654321,ToPoorPeople,Debit,Virtual
50,500,financeA,FromWorldEnterprise,123456789,ToPoorPeople,Debit,Virtual
52,1000,financeA,FromWorldEnterprise,987654321,ToPoorPeople,Debit,Virtual
54,2000,financeA,FromWorldEnterprise,123456789,ToPoorPeople,Debit,Virtual
56,1500,financeA,FromWorldEnterprise,987654321,ToPoorPeople,Debit,Virtual
