Transaction ID, Source, Donor Name, Type, Mode, Amount, Date
2,FromDonor,vijay,Credit,Real,15915,2014-12-07 21:48:11
5,FromDonor,vijay,Credit,Real,8520,2014-12-07 21:48:25
8,FromDonor,vijay,Credit,Real,987654,2014-12-07 21:48:37
11,FromDonor,vijay,Credit,Real,12345,2014-12-07 21:48:49
14,FromDonor,kevin,Credit,Real,6000,2014-12-07 21:49:10
17,FromDonor,kevin,Credit,Real,8000,2014-12-07 21:49:21
20,FromDonor,kevin,Credit,Real,5000,2014-12-07 21:49:34
23,FromDonor,kevin,Credit,Real,12500,2014-12-07 21:49:49
26,FromDonor,sonal,Credit,Real,9512,2014-12-07 21:50:07
29,FromDonor,sonal,Credit,Real,85214,2014-12-07 21:50:19
32,FromDonor,sonal,Credit,Real,7532,2014-12-07 21:50:32
35,FromDonor,sonal,Credit,Real,15642,2014-12-07 21:50:45
2,FromDonor,vijay,Credit,Real,159,2014-12-07 22:02:18
